english,french
i won t sign this.,je ne signerai pas ceci.
we had a little water.,nous disposions d un peu d eau.
would you do it?,le ferais tu ?
tell us about your new book.,parle nous de ton nouveau livre.
it was a wonderful feeling.,ce fut une sensation merveilleuse.
that doesn t make much sense.,cela n a pas beaucoup de sens.
i am taking a holiday at the beach.,je prends des vacances a la plage.
we need some help here.,nous avons besoin d aide ici.
you look fat.,vous avez l air grosse.
i know tom is disappointed.,je sais que tom est decu.
what are you wearing tonight?,que vas tu mettre ce soir ?
she will be a famous artist in the future.,elle sera une artiste celebre dans le futur.
tom stole the ring.,tom a vole l anneau.
i believe the answer is yes.,je crois que la reponse est oui.
lead the way.,montre le chemin.
she put on her overcoat before going out.,elle mit son pardessus avant de sortir.
we were concerned.,nous etions preoccupes.
i m thorough.,je suis consciencieux.
i m disappointed in you.,tu me decois.
he was very old.,il etait fort vieux.
today s special is fish.,le plat du jour est du poisson.
it s a nice party.,c est une chouette fete.
i was really scared.,j ai vraiment eu peur.
something unexpected has happened.,il s est passe un imprevu.
how s your old lady doing?,comment va votre femme ?
we can t finish this by monday.,nous ne pouvons pas finir ceci d ici lundi.
i must leave now.,je dois partir maintenant.
he behaved like a child.,il s est comporte comme un enfant.
they were all good swimmers.,elles etaient toutes de bonnes nageuses.
money cannot buy happiness.,l argent ne peut pas acheter le bonheur.
our love will last forever.,notre amour durera toujours.
will you teach me how to play chess?,pourriez vous m apprendre a jouer aux echecs ?
that s one of my favorite expressions.,c est une de mes expressions preferees.
i wonder why this is happening.,je me demande pourquoi cela se produit.
i m surprised to see you.,je suis etonnee de te voir.
you can t do both at the same time.,on ne peut faire les deux en meme temps.
i could sure use that scholarship money.,je pourrais certainement faire usage de cette bourse.
the lights went out.,les lumieres se sont eteintes.
i m not one of them.,je ne fais pas partie de leur groupe.
you disappointed me.,vous m avez decu.
you must be exhausted.,vous devez etre epuisees.
i am only warming up now.,pour l instant je m entraine seulement.
tom should at least wear a tie.,tom devrait au moins porter une cravate.
you must not stay up late.,vous ne devez pas veiller tard.
he wrote me a letter.,il m a ecrit une lettre.
jupiter is very large.,jupiter est tres grand.
i m not so normal.,je ne suis pas si normal.
can t you wait until tomorrow?,ne pouvez vous pas attendre jusqu a demain ?
why don t you take your temperature?,pourquoi ne prends tu pas ta temperature ?
you were drunk weren t you?,vous etiez ivre pas vrai ?
i said i liked it.,j ai dit que je l aimais.
i m sorry i dragged you into this.,je suis desole de t avoir entrainee la dedans.
i like the red ones on the shelf.,j aime les rouges sur l etagere.
you re a weird kid.,t es un gamin bizarre.
i ve tried to talk to tom.,j ai essaye de parler a tom.
democracy is one form of government.,la democratie est une forme de gouvernement.
when will you leave?,tu pars quand ?
i lost my glasses.,j ai perdu mes lunettes.
i d better go now.,je ferais mieux d y aller maintenant.
i don t want to shoot you.,je ne veux pas te descendre.
they addressed me as doctor.,ils me donnerent du docteur .
what s your favorite color for carpets?,quelle est ta couleur de tapis preferee ?
i have no intention of changing.,je n ai pas l intention de changer.
i speak from experience.,je parle sur la base d experience.
they are both colleagues of mine.,ce sont tous deux des collegues a moi.
your dreams have come true.,tes reves sont devenus realite.
they were afraid of the big dog.,ils avaient peur du gros chien.
will the work be finished by tomorrow?,le travail sera t il termine demain ?
this bike belongs to my little brother.,ce velo est celui de mon petit frere.
the surgeon amputated the wrong leg.,le chirurgien a ampute la mauvaise jambe.
i ve just arrived at the station.,je viens d arriver a la gare.
it s a beautiful picture.,c est un magnifique dessin.
try as hard as you can.,essaie de toutes tes forces !
do you want your coat back?,veux tu qu on te rende ton manteau ?
tom looks interested.,tom a l air interesse.
you must come with me.,tu dois venir avec moi.
we ate until we couldn t eat any more.,nous mangeames jusqu a n en plus pouvoir.
take a picture.,prends une photo.
you have to see it.,tu dois le voir.
he lives in osaka.,il habite a osaka.
you had better not keep company with him.,tu ferais mieux de ne pas le frequenter.
the station is not far from here.,la gare n est pas loin d ici.
they don t sell beer here.,ils ne vendent pas de biere ici.
chess and checkers are favorites with them.,les echecs et les dames sont leurs jeux favoris.
tom isn t concerned about that.,tom n est pas preoccupe par cela.
today is colder than yesterday.,il fait plus froid aujourd hui qu hier.
i am afraid it is a reject.,j ai peur que ce soit un refus.
we d make a perfect team.,nous formerions une parfaite equipe.
you made the same mistake.,tu as commis la meme erreur.
we re not late.,nous ne sommes pas en retard.
would you mind shutting the door?,cela te derangerait il de fermer la porte ?
you re a star.,vous etes une celebrite.
tom you re a genius.,tom tu es un genie.
i want you to stay a little longer.,je veux que vous restiez un peu plus longtemps.
you re wrong again.,tu as a nouveau tort.
it s awesome.,c est effarant.
this place is really noisy.,cet endroit est vraiment bruyant.
it has become much warmer.,le temps est devenu beaucoup plus chaud.
be nice to her.,sois gentil avec elle !
i had a little help.,j ai dispose d un peu d aide.
she was afraid to travel alone.,elle avait peur de voyager seule.
that s where the problem lies.,c est la que le probleme reside.
you re an irresponsible idiot.,vous etes une idiote irresponsable.
where s everybody?,ou est tout le monde ?
the dog was dead.,le chien etait mort.
i think we ought to change our policy.,je pense que nous devons changer notre politique.
my father is busy as a bee every day.,mon pere est chaque jour affaire tel une abeille.
we are all alike on the inside.,nous sommes tous pareils a l interieur.
the three were arrested.,les trois ont ete arretes.
clocks used to be wound every day.,l horloge devait etre remontee chaque jour.
please refer to paragraph ten.,veuillez vous reporter au paragraphe dix.
this bridge is built of stone.,ce pont est fait de pierres.
take one of these.,prends l une de celles ci !
has the world gone mad?,le monde est il devenu fou ?
i don t believe you anymore.,je ne vous crois plus.
tom was like a brother.,tom etait comme un frere.
tom joined the marching band.,tom a rejoint la fanfare.
the party was a success.,la fete a ete un succes.
the path was narrow.,le chemin etait etroit.
i think he ate about oysters.,je crois qu il a mange quelque dix huitres.
we should do this.,nous devrions faire ceci.
his father eats there twice a week.,son pere mange la deux fois par semaine.
it is a nice view from here.,il y a une jolie vue d ici.
don t do anything stupid.,ne faites rien de stupide.
don t be so pessimistic.,ne soyez pas si pessimiste !
mary is upstairs with the baby.,mary est a l etage avec le bebe.
none of us are happy.,aucun d entre nous n est heureux.
she slapped him.,elle l a gifle.
would you chill out?,voudriez vous vous detendre ?
we must always be ready.,nous devons toujours etre pretes.
my car is a toyota.,ma voiture est une toyota.
i shouldn t have logged off.,je n aurais pas du me deconnecter.
you can t cancel the meeting.,vous ne pouvez pas annuler la reunion.
i was fortunate to get the job.,j ai eu la chance d obtenir le poste.
this is your fate.,c est ton sort.
i don t feel like going out.,je n ai pas envie de sortir.
do you have a bottle opener i could use?,auriez vous un decapsuleur a me preter ?
i can t understand this word.,je n arrive pas a comprendre ce mot.
you re a soldier now.,vous etes un soldat maintenant.
he was conscious of her presence.,il etait conscient de sa presence.
she laughed so hard she cried.,elle a tellement ri qu elle en a pleure.
that s a comforting thought.,c est une pensee reconfortante.
you have to do as i say.,tu dois le faire comme je te le dis.
don t you miss your father?,votre pere ne vous manque t il pas ?
have you been here all day?,as tu ete la toute la journee ?
i m aware of that.,j en suis conscient.
i don t find her particularly attractive.,je ne la trouve pas particulierement attirante.
these figures are inaccurate.,ces chiffres sont errones.
i know tom is tough.,je sais que tom est coriace.
do you have anything less expensive?,avez vous quelque chose de moins cher ?
why are you always so pessimistic?,pourquoi etes vous toujours si pessimiste ?
i did just like you asked.,j ai fait exactement comme tu as demande.
do you have laundry to do?,as tu du linge a laver ?
you don t have to come see me.,vous n etes pas obligee de venir me voir.
you got here fast.,tu es arrive vite.
i heard something.,j ai entendu quelque chose.
that should ve been enough.,ca aurait du etre assez.
i think we should quit.,je pense que nous devrions arreter.
i gave it back.,je l ai rendue.
you re not tired are you?,vous n etes pas fatigues si ?
he seated himself beside her.,il s assit a cote d elle.
i don t have a cat.,je ne possede pas de chat.
she has no manners.,elle n a aucune maniere.
you should have breakfast every day.,vous devriez prendre un petit dejeuner tous les jours.
don t make me beg.,ne m oblige pas a supplier.
you have to be patient.,vous devez vous montrer patient.
i m proud to be your father.,je suis fier d etre votre pere.
i will start working on july first.,je commencerai a travailler le premier juillet.
i like girls.,j aime les filles.
has tom become crazy?,tom est il devenu fou ?
no one seems afraid.,personne ne semble effraye.
the weather was bad this weekend.,il a fait mauvais temps ce week end.
don t do anything you ll regret.,ne faites rien que vous regretterez.
are you busy tomorrow morning?,etes vous occupes demain matin ?
tom has been giving mary good advice.,tom a donne un bon conseil a mary.
i had no intention of doing so.,je n avais pas l intention de faire ca.
i don t think i passed the test.,je ne pense pas avoir reussi le test.
are you serious?,etes vous serieux ?
he thought that i was very tired.,il pensait que j etais tres fatigue.
i m completely exhausted.,je suis completement epuise.
tom used to be aggressive.,tom etait agressif.
i have some very sad news.,j ai de bien tristes nouvelles.
he killed him.,il le tua.
shall i close the window?,dois je fermer la fenetre ?
i m going to ask you a few questions.,je vais vous poser quelques questions.
this is where the accident happened.,c est la que l accident arriva.
i m not a patient man.,je ne suis pas un homme patient.
sugar isn t good for you.,le sucre n est pas bon pour la sante.
that will do.,ca fera l affaire.
read what s on the label.,lis ce qui figure sur l etiquette !
i know tom understands.,je sais que tom comprend.
of course i feel guilty.,bien sur que je me sens coupable.
give me back my hat.,rends moi mon chapeau.
this is the tallest tower in japan.,c est la plus grande tour au japon.
you re not alone.,vous n etes pas seuls.
this isn t enough.,ce n est pas suffisant.
do you know how to swear in french?,est ce que tu connais des insultes en francais?
tom s alive.,tom est vivant.
they plan to have a party.,ils prevoient de faire une fete.
you were right you know.,vous aviez raison vous savez.
what does this stand for?,qu est ce que cela symbolise ?
that store had to reduce their prices.,ce magasin a du reduire ses prix.
my conscience is clear.,j ai la conscience tranquille.
he made her a new coat.,il lui a fait un nouveau manteau.
tom and mary aren t alone.,tom et marie ne sont pas seuls.
i slept with my clothes on.,j ai dormi avec mes vetements.
what do they need?,de quoi ont ils besoin ?
come on you can do it.,allez vous pouvez le faire.
i went to the hospital to see my mother.,je suis alle a l hopital voir ma mere.
people can t live without air.,l homme ne pourrait vivre sans air.
i bought him a clock.,je lui ai achete une horloge.
you should conform to the rules.,tu devrais te conformer aux regles.
they are all my personal belongings.,ce sont toutes mes affaires personnelles.
the child was made a ward of the state.,l enfant fut fait pupille de la nation.
tom must be furious.,tom doit etre furieux.
can i sleep here?,puis je dormir ici ?
i d say you re jealous.,je dirais que tu es jaloux.
i never blamed you.,je ne t ai jamais blame.
she asked him not to leave her alone.,elle le pria de ne pas la laisser seule.
birds fly long distances.,les oiseaux volent sur de longues distances.
what exactly happened?,qu est ce qui a eu lieu exactement ?
she introduced me to her brother.,elle me presenta a son frere.
this made me very sad.,cela m a rendue tres triste.
according to him she is honest.,selon lui elle est honnete.
do your best in everything.,donne en tout le meilleur de toi.
i don t know how to explain it.,je ne sais pas comment l expliquer.
the day was exhausting.,la journee fut epuisante.
i m the one who should be doing this.,c est moi qui devrais faire ceci.
turn to the left.,tournez a gauche.
dad stretched after dinner.,papa s est etendu apres le dejeuner.
why don t you go on a diet?,pourquoi ne fais tu pas un regime ?
are you going to sing here?,vas tu chanter ici ?
i got what you wanted.,j ai obtenu ce que vous vouliez.
i was scared stiff.,j avais une peur bleue.
he is still sitting on the bench.,il est toujours assis sur le banc.
can i make you a drink?,puis je vous servir un verre ?
i know that tom can t understand french.,je sais que tom ne comprend pas le francais.
they won t last that long.,ils ne vont pas durer si longtemps.
get in. i ll drive you somewhere.,monte je te conduirai quelque part.
could you make room for me?,pourrais tu me faire de la place ?
you ll wish you had studied harder.,tu souhaiteras avoir etudie avec plus d application.
when will it be ready?,quand sera ce pret ?
we re all friends.,nous sommes tous amis.
we have nothing to discuss.,nous n avons rien a discuter.
she was brave.,elle etait brave.
the rabbit hid behind the tree.,le lapin se cacha derriere l arbre.
they won the kissing contest.,ils ont gagne le concours de baisers.
i think tom is generous.,je pense que tom est genereux.
are you dressed?,etes vous habillees ?
they want to tell you their story.,ils veulent te raconter leur histoire.
we ll talk after the meeting.,on discutera apres la reunion.
he woke up in the middle of the night.,il se reveilla au milieu de la nuit.
would you like it washed?,voudriez vous qu il soit lave ?
where did you go?,ou vous etes vous rendues ?
do you like beer?,est ce que tu aimes la biere ?
nobody told me you were here.,personne ne m a dit que vous etiez ici.
do you know what time they came?,sais tu a quelle heure elles sont venues ?
i wrote down his phone number.,j ai pris note de son numero de telephone.
she quickly opened the letter.,elle ouvrit la lettre en hate.
please stop talking.,cesse de parler je te prie !
you put in too much pepper.,tu y as mis trop de poivre.
i m afraid i ve offended you.,je crains de t avoir offense.
help me move this stone.,aidez moi a deplacer cette pierre.
i want the whole world to know about us.,je veux que le monde entier sache pour nous.
i want to kill you right now.,j ai envie de te tuer la maintenant.
he had his head in the clouds in class.,il avait la tete dans les nuages en classe.
please fix it.,veuillez le reparer.
try to control yourselves.,essayez de vous controler.
he s as strong as a horse.,il est fort comme un cheval.
you d be the one to know.,vous seriez celui qui serait au courant.
i watch television.,je regarde la television.
tom changed jobs.,tom changea de travail.
you take my breath away.,tu me coupes le souffle.
do you recognize that man?,reconnaissez vous cet homme ?
does anyone know the name of the deceased?,quelqu un connait il le nom du defunt ?
i m not available.,je suis indisponible.
i ll pray for you.,je prierai pour toi.
why give them anything?,pourquoi leur donner quoi que ce soit ?
i m careful not to spend too much.,je fais attention a ne pas trop depenser.
do you have a recent photo of yourself?,avez vous une photo recente de vous ?
tom was selected.,tom etait selectionne.
this is kind of embarrassing.,c est assez embarrassant.
i started that.,c est moi qui ai commence.
he did not come till noon.,il n est pas venu avant midi.
you could at least give me a hint.,tu pourrais au moins me donner un indice.
if you don t know the answers guess.,si tu ne connais pas les reponses devine.
things are only going to get worse.,les choses ne vont qu empirer.
where s my box of chocolates?,ou est ma boite de pralines ?
he grinned broadly at us.,il nous fit un large sourire.
they said they re thirsty.,ils dirent qu ils avaient soif.
where did i put my coat?,ou ai je pose mon manteau ?
you don t have to hide your feelings.,tu n as pas besoin de cacher tes sentiments.
i want to know who sent you.,je veux savoir qui vous a envoyes.
this book is interesting.,cet ouvrage est interessant.
i don t drink a lot.,je ne bois pas beaucoup.
it s all i can do.,c est tout ce que je peux faire.
you have nothing to be afraid of.,vous n avez rien a craindre.
do you enjoy losing?,appreciez vous de perdre ?
do you have any small change?,disposez vous de petite monnaie ?
he was easily able to solve the problem.,il put facilement resoudre le probleme.
at last he realized his mistakes.,finalement il s est rendu compte de ses erreurs.
you don t seem very concerned.,tu ne sembles pas tres concerne.
gesture is another way of communication.,la gestuelle est un autre moyen de communication.
we think the world of you.,nous vous encensons.
employers sometimes exploit their workers.,les employeurs exploitent parfois leurs travailleurs.
he took his book.,il a pris son ouvrage.
i can t sleep at night.,je ne peux pas dormir la nuit.
i ll apply for the job today.,je vais postuler aujourd hui.
tom only listens to heavy metal.,tom n ecoute que du heavy metal.
she owes him a lot of money.,elle lui doit beaucoup d argent.
he likes adventure.,il aime l aventure.
for months he did almost nothing.,il ne fit presque rien durant des mois.
tom asked if you d be there.,tom a demande si tu serais la.
he felt himself lifted up.,il se sentit souleve de terre.
i was just trying to be friendly.,j essayais seulement d etre amical.
that won t be a problem.,ca ne posera pas de probleme.
a father and son represent two generations.,un pere et son fils representent deux generations.
i hear someone coming.,j entends quelqu un qui vient.
where are tom s keys?,ou sont les clefs de tom ?
tom waited for mary to answer.,tom a attendu que mary reponde.
i saw you cooking.,je vous ai vu cuisiner.
tom has written several books.,tom a ecrit plusieurs livres.
can you see that small house?,parvenez vous a voir cette petite maison ?
i was sober.,j etais sobre.
let me think about it a bit longer.,laissez moi y reflechir un peu plus longtemps.
we have five fingers on each hand.,nous avons cinq doigts a chaque main.
if the weather is good i ll go.,s il fait beau j irai.
it s heavy but i can manage it.,c est lourd mais je peux m en sortir.
i learned to milk a cow.,j appris a traire une vache.
do you have a girlfriend?,as tu une petite amie ?
i remember seeing him once.,je me souviens l avoir vu une fois.
is everyone hungry?,tout le monde a t il faim ?
i can t wait to go.,j ai hate d y aller.
have you ever been a teacher?,avez vous deja ete professeur?
he speaks french fluently.,il parle le francais couramment.
i didn t laugh.,je n ai pas ri.
she is a college student.,elle est etudiante a l universite.
he is well liked by his students.,il est tres apprecie de ses etudiants.
no one will see us.,personne ne nous verra.
look at that big hammer.,regarde ce grand marteau.
you re exhausted.,vous etes epuisees.
i hear he is looking for work.,j ai entendu qu il cherchait du travail.
you know where i m going.,tu sais ou je vais.
i ll show you around town.,je vous montrerai la ville.
tom always runs fast.,tom court toujours vite.
do you know how my friends describe me?,sais tu comment mes amis me decrivent ?
i ll leave boston tonight.,je partirai de boston ce soir.
i wish i knew the answer to this question.,j aimerais connaitre la reponse a cette question.
someone stole my bicycle.,quelqu un a vole mon velo.
you shouldn t worry about that.,tu ne devrais pas t inquieter pour ca.
his ideas are quite different from mine.,ses idees sont assez differentes des miennes.
you may pay in advance for your order.,vous pouvez payer votre commande d avance.
tom s body will be cremated.,le corps de tom sera incinere.
it looks like tom is asleep.,on dirait que tom est endormi.
i love this store.,je raffole de ce magasin.
do you need a ride?,as tu besoin que je te conduise ?
tom declined my invitation.,tom a refuse mon invitation.
nobody can stop us from doing that.,personne ne peut nous empecher de faire ca.
have you eaten yet?,est ce que tu as deja mange ?
i really wish you wouldn t do that.,je souhaiterais vraiment que tu ne fasses pas ca.
he was able to solve the problem.,il a pu resoudre le probleme.
you did it!,c est vous qui l avez fait !
she smiled at him uneasily.,elle lui a souri avec gene.
staying home isn t fun.,rester chez soi n est pas marrant.
i m glad i m not tom.,je suis content de ne pas etre tom.
it s a good sign.,c est un bon signe.
he has gone blind in both eyes.,il est devenu aveugle.
i went to europe before the war.,je suis alle en europe avant guerre.
swimming in this river is dangerous.,nager dans cette riviere est dangereux.
somebody s coming up the stairs.,quelqu un monte les escaliers.
i know who you want to talk to.,je sais a qui tu veux parler.
she got a present from her boyfriend.,elle recut un present de son copain.
he lives somewhere around here.,il vit quelque part par ici.
i m not worried about tom.,je ne m inquiete pas pour tom.
you said you didn t care.,tu as dit que tu t en fichais.
the elevator seems to be out of order.,l ascenseur semble etre en panne.
and who are you working for these days?,et pour qui travailles tu ces temps ci ?
i became acquainted with your father yesterday.,j ai fait la connaissance de ton pere hier.
look up there.,regardez la haut.
what does that tell us?,que cela nous indique t il ?
we went to the beach to swim.,nous allames a la plage pour nager.
are you finished?,en avez vous termine ?
recess ended.,la recreation est terminee.
i ve got everything i want.,j ai tout ce que je veux.
you ve gone too far this time.,tu es alle trop loin cette fois.
did you hear that?,avez vous entendu ca ?
both of them are in the room.,ils sont tous deux dans la piece.
i wanted to make sure you were all right.,je voulais m assurer que tu allais bien.
tom can run fast.,tom peut courir vite.
my big brother finished his homework very quickly.,mon grand frere a fini ses devoirs tres rapidement.
the brothers hate each other.,ces freres se detestent.
you look fat.,tu as l air grosse.
does that work for you?,cela fonctionne t il pour vous ?
i really don t know how to dance.,je ne sais vraiment pas danser.
i don t like people looking at me.,je n apprecie pas que les gens me regardent.
i am blind in the right eye.,je suis aveugle de l il droit.
they got into the train.,ils monterent dans le train.
tom could make you laugh.,tom pourrait vous faire rire.
i d like to have a word with you.,j aimerais m entretenir avec vous.
do you know how to dance?,sais tu danser ?
i couldn t stop myself.,je n ai pas pu m arreter.
coffee? is it instant? yes. then no. , cafe ? instantane ? oui. alors non. 
a river flows through the valley.,une riviere coule a travers la vallee.
he filled the bottle with water.,il remplit la bouteille d eau.
i ll invite whoever wants to come.,j invite qui veut bien venir.
he can swim on his back.,il peut nager sur le dos.
rabid dogs usually foam at the mouth.,les chiens enrages ont habituellement les babines qui ecument.
have you ever sold a car?,avez vous deja vendu une voiture ?
she tried to lower her expenses.,elle a essaye de diminuer ses depenses.
i have a black and white dog.,j ai un chien noir et blanc.
they incited him to commit the crime.,elles l ont incite a commettre un crime.
i suppose we could do that.,je suppose que nous pourrions le faire.
the world is changing more and more quickly.,le monde change de plus en plus vite.
he fell in love with his best friend.,il tomba amoureux de son meilleur ami.
he made the most of his opportunity.,il a profite de sa chance.
tom got out of prison after years.,tom est sorti de prison au bout de ans.
i just got here this morning.,je suis arrive ici tout juste ce matin.
drop your weapons!,laissez tomber vos armes !
i leave the matter to your judgement.,je laisse la chose a ton jugement.
you had me fooled.,tu m as eu.
fortunately tom is a different person now.,heureusement tom est une autre personne maintenant.
they showed it to our company.,ils le montrerent a nos convives.
tom isn t a good singer.,tom n est pas un bon chanteur.
i d like to get to know you better.,j aimerais faire davantage votre connaissance.
someone should look into this.,quelqu un devrait examiner ceci.
she took my joke seriously.,elle a pris ma plaisanterie au serieux.
an earthquake destroyed the building.,un tremblement de terre detruisit le batiment.
i ve never seen him wearing jeans.,je ne l ai jamais vu porter de jeans.
my sister washes her shoes every sunday.,ma s ur lave ses chaussures tous les dimanches.
she is quiet.,elle est tranquille.
hello everyone!,salut tout le monde !
the teacher told him to study english hard.,le professeur lui dit de travailler son anglais assidument.
we re going to do everything we can.,nous allons faire tout ce que nous pouvons.
my wife s going to kill me.,ma femme va me tuer.
it s another ball of wax.,c est une autre paire de manches.
there was something.,il y avait quelque chose.
that s not important for you to know.,il n importe pas que tu le saches.
what did you do last night?,qu as tu fait la nuit derniere ?
i think you re funny.,je pense que tu es marrant.
i have to win.,il faut que je l emporte.
come off it.,arrete ton char.
it reminded me of you.,ca m a fait me souvenir de vous.
i don t have a bedtime.,je n ai pas d heure pour me coucher.
tom handed an envelope to mary.,tom a tendu une enveloppe a mary.
we ve talked it over among ourselves.,nous en avons parle entre nous.
i think we need to postpone the meeting.,je pense qu il nous faut remettre la reunion.
i had to call off the party.,j ai du annuler la fete.
tom decided to buy a red car.,tom a decide d acheter une voiture rouge.
i don t expect anything from you.,je n attends rien de toi.
do you talk to your plants?,parles tu a tes plantes ?
he works long hours.,il travaille de longues heures.
tom looked at the painting on the wall.,tom regarda le tableau sur le mur.
he has not yet recovered consciousness.,il n a pas encore repris conscience.
you couldn t have picked a better spot.,vous n auriez pas pu choisir meilleur endroit.
were you busy yesterday?,etiez vous occupe hier ?
tom wants to come with us.,tom veut aller avec nous.
i wonder if you understand.,je me demande si vous comprenez.
i d like to run a few more tests.,j aimerais faire quelques examens supplementaires.
he wore old shoes.,il portait de vieilles chaussures.
i baked it for you.,je l ai cuit pour toi.
i m the one who should apologize.,je suis celle qui devrait s excuser.
it s always worth a try.,on peut toujours essayer.
why exactly did you do that?,pourquoi au juste avez vous fait ca ?
you need to stay awake.,vous devez rester eveillees.
say hello to your sister for me.,dis bonjour a ta s ur de ma part.
you can t go yet.,vous ne pouvez pas encore y aller.
is french difficult?,est ce que c est difficile le francais ?
let s take a picture here.,prenons une photo ici.
may i use this?,puis je utiliser ceci ?
are you sure you want to throw that away?,etes vous sures de vouloir jeter cela ?
tom looked at mary and blushed.,tom a regarde marie et a rougi.
you have no proof.,tu n as aucune preuve.
tom doesn t hate you mary.,tom ne te hait pas marie.
he is well spoken of by everybody.,tout le monde parle de lui en bien.
be quiet all of you.,restez tous tranquilles !
he will come if you call him.,il viendra si tu l appelles.
he drove the truck to dallas.,il a conduit le camion jusqu a dallas.
you said you were busy.,tu as dit que tu etais occupee.
don t underestimate your opponents.,ne sous estimez pas vos adversaires.
the employees need to keep their hair short.,les employes doivent garder les cheveux courts.
tom was stabbed in the chest.,tom a ete poignarde dans la poitrine.
we ll work tomorrow.,nous travaillerons demain.
do you think it ll stay that way?,penses tu qu il restera comme ca ?
stop being so naive.,arretez d etre si naives.
he s attracted to black women.,il est attire par les negresses.
are you a wizard?,es tu un sorcier ?
don t open the window.,n ouvrez pas la fenetre.
i could ve married tom.,j aurais pu epouser tom.
life is full of surprises.,la vie est emplie de surprises.
she decided to go.,elle a decide d y aller.
you have to stop drinking.,tu dois arreter de boire.
you re a wonderful woman.,tu es une femme formidable !
i have very good eyesight.,je suis dotee d une tres bonne vue.
i don t believe in magic.,je ne crois pas a la magie.
he felt lost and uncomfortable.,il se sentit perdu et mal a l aise.
i hesitated about which road to take.,j hesitais quant a la route a prendre.
they struggled.,ils ont eu du mal.
how does it help us?,en quoi cela nous aide t il ?
the coffeepot is boiling.,la cafetiere bout.
i wonder which of you will win.,je me demande lequel de vous gagnera.
the house that tom built is really nice.,la maison que tom a construite est vraiment jolie.
my mother is preparing supper.,ma mere est en train de preparer le souper.
tom was dying of thirst.,tom mourait de soif.
why do we have to do this right now?,pourquoi devons nous faire ceci immediatement ?
it was the worst day of my life.,c etait le pire jour de ma vie.
would you like to eat something?,veux tu manger un morceau ?
someday i ll run like the wind.,un jour je courrai comme le vent.
you re big.,tu es grand.
wait. i want to tell you something.,attendez ! je veux vous dire quelque chose.
i got hurt.,je me suis blesse.
her hair is turning gray.,ses cheveux deviennent gris.
the rest will be easy.,le reste sera facile.
there must be something in there.,il doit y avoir quelque chose la dedans.
he speaks english better than me.,il parle mieux l anglais que moi.
the meeting is held twice a month.,la reunion se tient deux fois par mois.
i have a business meeting.,j ai une reunion d affaires.
my daughter is in her late teens.,ma fille va sur ses vingt ans.
did you guess the end of the story?,as tu devine la fin de l histoire ?
we re going back to boston.,nous retournons a boston.
i m not gambling anymore.,je ne joue plus aux jeux de hasard.
i m not alone.,je ne suis pas seul.
he has a perfect command of english.,il a une parfaite maitrise de l anglais.
it was a great blow to us.,ce fut un coup dur pour nous.
i have a new girlfriend.,j ai une nouvelle petite amie.
let me finish eating my sandwich.,laisse moi finir mon sandwich.
our department is understaffed.,notre departement est en sous effectif.
we re exhausted.,nous sommes epuisees.
i asked him if he would return soon.,je lui ai demande s il revenait bientot.
do you like rap?,tu aimes le rap ?
i have known her since she was a child.,je la connais depuis qu elle etait enfant.
he is leaving narita for hawaii this evening.,il quitte narita pour hawaii ce soir.
you should apologize for your rudeness.,vous devriez vous excuser pour votre grossierete.
i don t care what you do.,je me fiche de ce que vous faites.
tom taught me how to play chess.,tom m apprit a jouer aux echecs.
do i have a fever?,est ce que j ai de la fievre ?
tom needs work.,tom a besoin de travail.
i don t have to listen to you.,je n ai pas a t ecouter.
get out of the water.,sortez de l eau !
you re not very tidy.,vous n etes pas tres ordonnees.
i thought you d gotten lost.,je pensais que tu te serais perdue.
no one knows yet.,personne ne le sait encore.
why are you always so happy?,pourquoi es tu tout le temps si heureux ?
she picked up one of the glass vases.,elle prit l un des vases en verre.
i had no time to eat.,je n eus pas le temps de manger.
he exposed himself to danger.,il s est expose au danger.
we have to crack down on illegal trading.,il faut sevir face au commerce illegal.
i have toothache.,j ai mal aux dents.
have a look.,regarde !
you re so pathetic.,vous etes si pathetique.
everyone had to start working.,tout le monde dut se mettre a travailler.
there s no one sitting here.,personne n est assis ici.
are you trying to be funny again?,vous essayez de faire de l humour ?
he was killed in a car accident.,il est mort dans un accident de voiture.
could you wrap them up separately?,peux tu les emballer separement ?
do you think she s attractive?,tu la trouves attirante ?
this cat is not ours.,ce chat n est pas a nous.
i checked the gauge.,j ai verifie la jauge.
you may speak to him.,vous pouvez lui parler.
my father is too stubborn to admit his faults.,mon pere est trop tetu pour admettre ses fautes.
do you translate lyrics?,traduis tu des paroles de chansons ?
you re such a tattletale.,quelle commere vous faites.
i d heard you d changed.,j avais entendu dire que vous aviez change.
don t make me beg for it.,ne me force pas a supplier !
who asked tom to sing?,qui a demande a tom de chanter ?
what s with everybody?,qu est ce qui vous arrive a tous ?
this boat is no longer seaworthy.,le bateau n est plus en etat de naviguer.
are you ready to hear the bad news?,es tu pret a entendre la mauvaise nouvelle ?
we became best friends.,nous sommes devenues les meilleures amies du monde.
i had to stop.,il fallait que j arrete.
who is your teacher?,qui est ton institutrice ?
how can you be so cruel?,comment peux tu etre si cruelle ?
you are selling him short.,tu le sous estimes.
that s a bad day for me.,c est un mauvais jour pour moi.
that s all i ask.,c est tout ce que je demande.
a pretty waitress waited on us.,une jolie serveuse s occupa de nous.
take care of yourself. don t get sick.,soigne toi. ne tombe pas malade.
it is a pity that he can t come.,dommage qu il ne puisse pas venir !
tom introduced mary to his mother.,tom presenta marie a sa mere.
are you always so pessimistic?,tu es toujours aussi pessimiste ?
my father reads the newspaper every morning.,mon pere lit le journal tous les matins.
how much is it going to cost me?,combien ca va me couter ?
it doesn t seem fair does it?,ca ne semble pas juste si ?
can you climb up that tree?,peux tu grimper sur cet arbre?
i have no patience.,je n ai pas de patience.
he tried solving the problem.,il tenta de resoudre le probleme.
i want time.,je veux du temps.
my father doesn t waste his time.,mon pere ne gaspille pas son temps.
i m not home.,je ne suis pas chez moi.
stay with us.,reste avec nous.
you aren t looking.,tu ne regardes pas.
it s very hot today.,il fait vraiment chaud aujourd hui.
get in the back seat.,monte dans le siege arriere.
do you think i m fat?,penses tu que je suis gros ?
where is your homework?,ou sont tes devoirs ?
don t be rude.,ne sois pas impolie !
tom kissed mary and she slapped him.,tom a embrasse marie et elle l a gifle.
a blind person s hearing is often very acute.,les aveugles ont souvent une perception auditive accrue.
he s so cute.,il est tellement mignon !
i wonder if my efforts will pay off.,je me demande si mes efforts vont payer.
it wasn t relevant.,ce n etait pas pertinent.
i m so sick of this.,j en ai tellement marre.
we talked quite frankly.,nous avons discute tout a fait franchement.
when was it finished?,quand est ce que ca a fini ?
tom has a sister in boston.,tom a une s ur a boston.
tom pushed his nose against the window.,tom pressa son nez contre la fenetre.
are you going by bus or car?,y allez vous en car ou en voiture ?
this offer is available for five days.,cette offre vaut pour cinq jours.
forty people were present.,quarante personnes etaient presentes.
i just want to be near you.,je veux simplement etre aupres de vous.
i hear some screaming.,j entends quelqu un qui pousse des cris.
it s a huge responsibility.,c est une responsabilite enorme.
the carrots cost three dollars.,les carottes coutent trois dollars.
she waits tables for a living.,elle gagne sa vie comme serveuse.
we re resigning.,nous demissionnons.
i think it s a good idea.,je pense que c est une bonne idee.
i didn t like the result.,je n aime pas le resultat.
you have no idea.,tu n as pas idee.
i know that i should stay.,je sais que je devrais rester.
let s continue where we left off yesterday.,reprenons la ou nous en sommes restes hier.
you have a lot of time.,tu as beaucoup de temps.
i m sure you ll succeed.,je suis certain que tu reussiras.
do i need to explain?,est ce que j ai besoin d expliquer ?
who did you want to do that with?,avec qui vouliez vous faire cela ?
are you through with the paper?,as tu fini avec le papier ?
i have to go to the bathroom.,je dois aller aux toilettes.
turn him down once and for all.,jette le une fois pour toutes.
tom thought he had a chance to survive.,tom pensait qu il avait une chance de survivre.
fear nothing.,n ayez crainte.
he spoke highly of you.,il a ete dithyrambique a votre sujet.
give me a hand.,prete moi main forte !
you should have seen it.,tu aurais du le voir.
my name s tom. what s yours?,je m appelle tom. et vous ?
i m not coming back.,je ne reviens pas.
i m too tired to swim.,je suis trop fatigue pour nager.
that s all for today.,c est tout pour aujourd hui.
he studied very hard.,il a etudie tres dur.
they all did it.,ils l ont tous fait.
i thought it was a fluke.,j ai pense que c etait de la veine.
he plays tennis very well.,il joue tres bien au tennis.
he delivers newspapers.,il livre les journaux.
do you know where the bathroom is?,savez vous ou sont les toilettes ?
do you expect me to believe you?,esperez vous que je vous croie ?
did you know tom died in boston?,savais tu que tom etait mort a boston ?
they were worried about getting caught.,ils etaient inquiets de se faire prendre.
i like watching tv.,j aime regarder la television.
what s your shoe size?,quelle pointure faites vous ?
you re off the hook.,tu es tire d affaire.
it has rained since yesterday.,il a plu depuis hier.
can you verify that?,pouvez vous verifier cela ?
come home before dark.,viens avant qu il ne fasse sombre.
i live on a boat.,je vis sur un bateau.
she regarded me suspiciously.,elle me lanca un regard suspect.
should i be talking to tom?,devrais je parler a tom ?
i invited her to a movie.,je l ai invitee a aller voir un film.
we hope your stay was enjoyable.,nous esperons que votre sejour a ete agreable.
you re greedy.,vous etes avide.
do you like figure skating?,est ce que tu aimes le patinage artistique ?
i think you d better go.,je pense que tu ferais mieux d y aller.
you should conform to the rules.,vous devriez vous conformer aux regles.
i hit tom.,j ai frappe tom.
there s no point doing that.,il est inutile de faire cela.
would you do that?,le ferais tu ?
i wish i had your job.,j aimerais avoir ton boulot.
the book is out of print.,l ouvrage est epuise.
i prefer to go alone.,je prefere y aller seule.
i m not coming with you.,je ne viens pas avec vous.
tom is here right?,tom est la non ?
i ll stand by you in time of need.,je serai a ton cote en cas de besoin.
that just happened.,cela vient de se produire.
he walked past the house.,il est passe devant la maison.
when do you plan to start?,quand prevois tu de demarrer ?
tom is taking care of the kids.,tom prend soin des enfants.
i m not happy with this situation.,je ne suis pas content de cette situation.
you didn t say that before.,tu n as pas dit cela auparavant.
you re not alone.,tu n es pas seul.
i saw him running.,je l ai vu courir.
there s no change.,il n y a pas de changement.
the president remained in bed.,le president resta alite.
i really like this car.,j aime beaucoup cette voiture.
she is really a nice girl.,c est vraiment une gentille fille.
i don t often come here.,je ne viens pas souvent ici.
you didn t turn in your homework.,tu n as pas rendu tes devoirs.
we look forward to seeing you again.,il nous tarde de vous revoir.
i didn t promise anybody anything.,je n ai rien promis a quiconque.
he looks like an honest man.,il a l air d un honnete homme.
i don t even like fish.,je n aime meme pas le poisson.
it was superb.,ca a ete magnifique.
i was a shy child.,j etais une enfant timide.
i lost my inspiration.,j ai perdu mon inspiration.
i tried for almost an hour.,j ai essaye pendant presque une heure.
i m not really an expert.,je ne suis pas vraiment un expert.
we re all a bit a scared.,nous avons tous un peu peur.
is this seat reserved?,est ce que ce siege est reserve ?
he scares easily.,il prend facilement peur.
put yourself in my position.,mets toi a ma place.
he dropped the anchovies.,il a fait tomber les anchois.
i didn t sleep much last night.,je n ai pas beaucoup dormi la nuit derniere.
i am seeing mary this afternoon.,je vois mary cette apres midi.
i ve been working on this for months.,je travaille sur ceci depuis des mois.
i tried to help him.,j ai essaye de l aider.
i m not interested in a relationship.,je ne suis pas interessee par une relation.
you ll never be young again.,tu ne seras plus jamais jeune.
i start work at eight in the morning.,je commence le travail a huit heures le matin.
i was forced to resign.,j ai ete contraint de demissionner.
is it something serious?,est ce quelque chose de serieux ?
life is like a soap bubble.,la vie est comme une bulle de savon.
i m glad you brought that up.,je suis ravie que vous ayez souleve ca.
i have homework.,j ai des devoirs.
that brown one is mine too.,le brun est egalement a moi.
what s your occupation?,quel est votre emploi ?
this beach is a paradise for surfers.,cette plage est un paradis pour les surfeurs.
can you help me carry this?,peux tu m aider a porter ca ?
did i write that?,ai je ecrit cela ?
i have quit smoking and drinking.,j ai arrete de fumer et de boire.
i m invited to dinner this evening.,je suis invite a diner ce soir.
does your school have a library?,ton ecole dispose t elle d une bibliotheque ?
don t exceed the speed limit.,ne depasse pas la limite de vitesse.
i heard him go down the stairs.,je l entendis descendre les escaliers.
we have wine.,nous avons du vin.
the girls giggled.,les filles ont glousse.
i ll always be here.,je serai toujours ici.
that didn t really happen.,ca n est pas vraiment arrive.
that s how we do things.,c est comme ca que nous faisons les choses.
as you climb higher the air becomes colder.,en montant plus haut l air devient plus froid.
there isn t much wind today.,il n y a guere de vent aujourd hui.
i never told you to lie.,je ne vous ai jamais dit de mentir.
what does this word mean?,que signifie ce mot?
the joke s on you.,on se moque de toi.
the sun was shining brightly.,le soleil brillait fort.
the black umbrella is tom s.,le parapluie noir est a tom.
did i arrive on time?,je suis arrive a l heure ?
this is tom s knife.,c est le couteau de tom.
tom is dead.,tom est mort.
he heard the news on the radio.,il a entendu la nouvelle a la radio.
he made a bad decision.,il prit une mauvaise decision.
i ve been there a dozen times.,j y suis alle une douzaine de fois.
don t stay up too late.,ne vous couchez pas trop tard.
i d like to get a second opinion.,j aimerais recevoir une seconde opinion.
he just wants attention.,il veut juste attirer l attention.
get your clothes on.,enfilez vos vetements !
he hung his head sheepishly.,il inclina la tete embarrasse.
you must go up the hill.,vous devez monter la colline.
the princess was beautiful beyond description.,la princesse etait d une beaute indescriptible.
i asked you to be quiet.,je t ai demande d etre silencieux.
you know what they say.,tu sais ce qu on dit.
he often eats fish for dinner.,il mange souvent du poisson pour le souper.
i buried it.,je l ai enterre.
where were you coming from?,d ou veniez vous ?
would you please shut up?,tu peux te taire s il te plait ?
he s worried about his receding hairline.,il s inquiete de sa calvitie naissante.
i don t know why i bother coming here.,j ignore pourquoi je m embete a venir ici.
the air seems damp.,l air semble humide.
they don t know what they are missing.,ils ne savent pas ce qu ils ratent.
he scolded her.,il la gronda.
go on.,poursuivez.
it s made of brass.,c est du laiton.
i m done with you.,j en ai fini avec toi.
i m on your side.,je suis a ton cote.
we ll soon find out.,nous le decouvrirons bientot.
i m pretty sure tom could do that.,je suis certain que tom pourrait le faire.
he is walking towards the station.,il marche en direction de la gare.
does someone here know how to do this?,quelqu un ici sait il comme faire ceci ?
i just can t get it right.,je ne parviens pas a trouver la bonne reponse.
she is anxious to meet you.,elle est tres desireuse de te rencontrer.
she s busy.,elle est occupee.
write in the date yourself.,ecrivez y vous meme la date.
she denied having met him.,elle nia l avoir rencontre.
green is my favorite color.,le vert est ma couleur favorite.
he teaches in a girls high school.,il enseigne dans un college de filles.
tom needs help.,tom a besoin d aide.
i think i can do that.,je pense pouvoir faire ca.
you were in a coma.,vous etiez dans le coma.
i ve got a bad case of jet lag.,j ai un mechant decalage horaire.
where do i have to change trains?,ou dois je changer de train ?
who is he?,qui est ce ?
we re very different you and i.,nous sommes tres differentes vous et moi.
is it getting worse?,cela empire t il ?
do you want to do this later?,veux tu faire ca plus tard ?
this milk tastes sour.,ce lait a un gout aigre.
she really looks pretty.,elle a l air vraiment jolie.
you look very pale.,tu as l air tres pale.
how did you get to know him?,comment l as tu connu ?
i hope you re not alone.,j espere que vous n etes pas seule.
we ll soon be together.,nous serons bientot ensemble.
we should try that.,nous devrions essayer cela.
i didn t see you come in.,je ne vous ai pas vue entrer.
tom is just trying to make ends meets.,tom essaie juste de joindre les deux bouts.
i don t want you to be upset.,je ne veux pas que tu sois fache.
you seem angry.,vous avez l air enerve.
why are you in my house?,pourquoi es tu dans ma maison ?
we d better do that.,nous ferions mieux de faire cela.
the train leaves in minutes.,le train part dans cinq minutes.
you knew the answer all along.,vous connaissiez la reponse tout du long.
which is it going to be?,lequel cela va t il etre ?
i am studying now.,je suis en train d etudier.
he s a construction worker.,c est un travailleur du batiment.
he worked hard to promote peace.,il travailla dur a promouvoir la paix.
where were your parents?,ou etaient tes parents ?
are you lonely?,etes vous esseule ?
where s that music coming from?,d ou vient cette musique ?
the leaves have turned red.,les feuilles sont devenues rouges.
we have had a lot of snow this winter.,nous avons eu beaucoup de neige cet hiver.
we ve just arrived.,nous venons d arriver.
basho was the greatest poet.,basho etait le meilleur poete.
everyone screamed.,tout le monde cria.
that was incredible wasn t it?,ce fut incroyable n est ce pas ?
am i talented?,ai je du talent ?
tom asked mary if she loved him.,tom a demande a mary si elle l aimait.
he can t keep time.,il est incapable de garder le rythme.
these flowers grow in warm countries.,ces fleurs poussent dans les pays chauds.
do you have my book?,as tu mon livre ?
they shared the money.,ils ont partage l argent.
did you hear it?,l avez vous entendu ?
the band played several marches.,la fanfare joua plusieurs marches.
who was this picture painted by?,qui a peint ce tableau ?
i want to live in a town.,je veux vivre dans une commune.
i remember seeing you last year.,je me rappelle t avoir vue l annee passee.
please have a seat.,s il vous plait asseyez vous !
you don t seem very pleased.,vous ne semblez pas tres ravis.
do you agree with this?,etes vous d accord avec ceci ?
you can t blame yourself.,tu ne peux pas te faire de reproches.
i managed to get in.,j ai reussi a entrer.
that is the girl whose father is a doctor.,c est la fille dont le pere est medecin.
that might depend on your point of view.,ca pourrait dependre de votre point de vue.
there is little time left.,il reste peu de temps.
i ve been injured.,j ai ete blesse.
i don t know if this is true.,j ignore si c est vrai.
that s our fault.,c est de notre faute.
the small boy slowly made some new friends.,le petit garcon se fit lentement de nouveaux amis.
don t stop him.,ne l arretez pas.
they tried to cheer me up.,ils essayerent de me remonter le moral.
he may have missed the train.,il se peut qu il ait rate le train.
tom is acting a little strange.,tom agit un peu etrangement.
i don t have time to read.,je n ai pas le temps de lire.
he wouldn t allow me to drive his car.,il ne me permettrait pas de conduire sa voiture.
i want you to wear this one.,je veux que tu portes celui ci.
it seemed appropriate.,ca semblait approprie.
how did you find me?,comment m as tu trouve ?
the house requires repairs.,la maison necessite des reparations.
that could be a coincidence.,cela pourrait etre une coincidence.
i m no longer depressed.,je ne suis plus deprime.
can you call him?,peux tu l appeler ?
he s not a liar.,ce n est pas un menteur.
your shoes don t go with that outfit.,vos chaussures ne vont pas avec ce costume.
i went to the movies with my brother.,je suis allee au cinema avec mon frere.
i saw you yesterday.,je t ai vue hier.
we re not interested.,nous ne sommes pas interessees.
i want you to take this with you.,je veux que vous preniez ceci avec vous.
do you know that girl?,est ce que tu connais cette fille ?
i know what you were doing.,je sais ce que vous faisiez.
she listened to music for hours.,elle ecouta de la musique durant des heures.
there were survivors.,il y a eu trente survivants.
you can take that with you.,vous pouvez prendre cela avec vous.
what a big house you have!,quelle grande maison vous avez !
she brought a cup of tea to me.,elle m a apporte une tasse de the.
my watch is waterproof.,ma montre est etanche.
how do you pronounce your name?,comment prononcez vous votre nom ?
do all of you speak french?,est ce que vous parlez tous francais ?
let s do it!,faisons le !
tom has always wanted to win.,tom a toujours voulu gagner.
this stove is easy to use.,cette cuisiniere est facile a utiliser.
how long does it take?,combien de temps cela prend il ?
they re not mine.,ce ne sont pas les miens.
you re fashionable.,vous etes branchee.
you re the one who quit.,tu es celle qui a demissionne.
he didn t pass after all.,il a echoue apres tout.
both those students passed all the tests.,ces deux etudiants ont reussi tous les examens.
is it all under control?,tout est il sous controle ?
he didn t come to the last meeting.,il n etait pas venu a la derniere reunion.
i m not in love with you.,je ne suis pas amoureuse de vous.
she may have said so.,il se peut qu elle l ait dit.
do you have a pen i could use?,as tu un stylo que je pourrais utiliser ?
i don t trust his story.,je ne crois pas a son histoire.
i promised i wouldn t say anything.,j ai promis que je ne dirais rien.
we exchanged greetings.,nous echangeames des formules de bienvenue.
he had a bitter experience.,il eut une amere experience.
do you want to make a deal?,voulez vous passer un accord ?
it s time to party.,il est l heure de faire la fete.
tom is quite organized isn t he?,tom est plutot organise n est ce pas ?
they fell into the conversation immediately.,ils ont immediatement commence a discuter.
they re very busy.,ils sont tres occupes.
we all die.,nous mourons toutes.
you heard correctly.,tu as bien entendu.
i m trying to be happy.,j essaye d etre heureuse.
i m going to be there.,j y serai.
you don t have to explain.,tu n es pas force de donner des explications.
the girl still believes in santa claus.,cette fille croit encore au pere noel.
i just want to be perfect.,je veux simplement etre parfaite.
you re a murderer.,tu es un meurtrier.
who did you see in the park?,qui avez vous vu au parc ?
i want this garbage out of here.,je veux que ces detritus soient sortis d ici.
life is unpredictable.,la vie est imprevisible.
i d prefer to not take that risk.,je prefererais ne pas prendre ce risque.
you must not leave right now.,vous ne devez pas partir tout de suite.
thanks for coming.,merci de venir.
stay away from the door.,eloignez vous de la porte.
people are saying that the crisis is over.,les gens disent que la crise est passee.
do you know who they are?,sais tu qui elles sont ?
would you mind helping me with something?,pourriez vous m aider ?
it doesn t matter how old you are.,votre age n a pas d importance.
i saw tom kill the neighbor s cat.,j ai vu tom tuer le chat du voisin.
what are you supposed to do?,qu es tu cense faire ?
how did you learn to dance so well?,comment as tu appris a si bien danser ?
i have to do it.,je dois le faire.
the picture looks nicer from a distance.,l image est plus belle de loin.
he is not kind to her.,il n est pas gentil a son egard.
driving a car is really very simple.,conduire une voiture est vraiment tres simple.
tom s hungry.,tom a faim.
tom was traumatized.,tom etait traumatise.
he removed his sunglasses.,il a ote ses lunettes de soleil.
do you think you could do that again?,pensez vous pouvoir refaire cela ?
tie your shoe.,noue ta chaussure.
one fifth of my wages go to taxes.,un cinquieme de mon salaire part en impot.
you re not getting any younger.,tu ne rajeunis pas.
you re the sweetest.,vous etes la plus mignonne.
i don t snore.,je ne ronfle pas.
what does it cost?,combien est ce que ca coute ?
how did you meet him?,comment l as tu rencontre ?
we re slowing down.,nous sommes en train de ralentir.
i am leaving next week.,je pars la semaine prochaine.
green suits you.,le vert te va bien.
she received the electricity bill today.,elle a recu la facture d electricite aujourd hui.
do you have a bicycle?,avez vous un velo ?
where were you yesterday afternoon?,ou etiez vous hier apres midi ?
i like it when it s snowing.,j aime qu il neige.
i didn t want to disturb tom.,je ne voulais pas deranger tom.
is that your own hair?,est ce vos vrais cheveux ?
i didn t know you had a girlfriend.,j ignorais que tu avais une nana.
you had better take an umbrella.,vous feriez mieux de prendre un parapluie.
we re not done playing yet.,nous n avons pas encore fini de jouer.
can you excuse me a second?,peux tu m excuser une seconde ?
you have no cause for anger.,tu n as pas de raison de t enerver.
please be serious.,sois serieuse je te prie.
i ll be seventeen next year.,j aurai dix sept ans l annee prochaine.
we searched everywhere.,nous avons fouille partout.
is it comprehensive?,est ce exhaustif ?
we understand you perfectly.,nous te comprenons parfaitement.
would you come here a moment?,pourriez vous venir ici un instant ?
everybody wants permanent peace.,tout le monde veut une paix durable.
they look confused.,ils ont l air desorientes.
can you pass me the potatoes?,pouvez vous me passer les patates ?
i m feeling low.,je me sens abattu.
i have only one thing to say.,je n ai qu une chose a dire.
i am yours and you are mine.,je suis tienne et tu es mien.
despite everything tom started to relax.,malgre tout tom commenca a se detendre.
you re very resourceful.,vous etes pleins de ressources.
we heard the boy playing the violin.,nous avons entendu le garcon jouer du violon.
i haven t been back here since the incident.,je ne suis pas revenu ici depuis l accident.
all this bickering is starting to fray my nerves.,toutes ces querelles m usent les nerfs.
i made a mess of that.,j ai foire ca.
do you study english?,etudiez vous l anglais ?
you re very understanding.,vous etes fort comprehensif.
i ve got a friend in the fbi.,j ai un ami aux renseignements generaux.
i m lucky to have you as a friend.,je suis chanceuse de vous avoir comme amie.
i m tired of cleaning up after you.,je suis fatigue de nettoyer apres toi.
they walked upstairs.,elles monterent des escaliers.
have you ever been to africa?,as tu jamais ete en afrique ?
please stop talking like that.,arrete de parler comme ca s il te plait.
what country were you born in?,dans quel pays etes vous nee ?
i really need you.,j ai vraiment besoin de toi.
there are many parks in boston.,il y a beaucoup de parcs dans boston.
he usually goes to mcdonald s.,il va generalement a mcdonald s.
there s a possibility of war.,il y a une possibilite de guerre.
please give me what i want.,veuillez me donner ce que je veux.
i think i m prepared for that.,je pense y etre prepare.
what do you usually do on weekends?,en general vous faites quoi le week end ?
this movie is appropriate for all ages.,ce film convient a tous les ages.
let s move the sofa.,deplacons le canape.
tom cries every time he hears this song.,tom pleure chaque fois qu il entend cette chanson.
tom doesn t have any reason to be jealous.,tom n a aucune raison d etre jaloux.
we admired the beauty of the scenery.,on a admire la beaute du paysage.
it s necessary for you to go.,il est necessaire que vous partiez.
snakes are cold blooded creatures.,les serpents sont des creatures a sang froid.
she s going to have a baby.,elle va avoir un bebe.
everybody loves her.,tout le monde l aime.
he s a gardener.,il est jardinier.
he always leaves the window open when he sleeps.,il laisse toujours la fenetre ouverte quand il dort.
it s good to talk to you.,c est bon de vous parler.
read the article.,lisez l article.
tom is a good friend of mine.,tom est un bon ami a moi.
i m so happy you re here!,je suis si heureux que vous soyez la!
i m not afraid of your dog.,je n ai pas peur de ton chien.
don t pull the plug yet.,ne retirez pas encore la prise !
are you getting paid for this?,etes vous payes pour ca ?
tom messed with the wrong guy.,tom s est trompe de mec.
just tell me when you want to leave.,dis moi juste quand tu veux partir.
what is it you want me to do?,que veux tu que je fasse ?
this game is so hard.,ce jeu est tellement difficile.
you aren t supposed to swim here.,tu n es pas censee nager ici.
you must be in good physical condition.,vous devez etre en bonne condition physique.
i know you ve been busy.,je sais que vous avez ete occupe.
maybe it s not possible.,peut etre n est ce pas possible.
my grandmother can t see very well.,ma grand mere ne voit pas tres bien.
she offered her seat to an old woman.,elle offrit son siege a une femme agee.
i m glad to finally meet you.,je me rejouis de vous avoir finalement rencontrees.
he sometimes watches tv.,il regarde parfois la tele.
make your move.,fais ton deplacement.
you look european.,tu as l air europeen.
this room is air conditioned.,cette piece dispose de l air conditionne.
tom is on the phone.,tom est au telephone.
he felt nervous about the result.,il se sentait nerveux au sujet du resultat.
i feel flattered.,je me sens flatte.
she looked lonely.,elle avait l air seule.
i ll figure something out.,je reflechirai a quelque chose.
an olive branch symbolises peace.,une branche d olivier symbolise la paix.
were you disrespectful?,leur avez vous manque de respect ?
we have to make the most of this situation.,nous devons tirer le meilleur parti de la situation.
where is my beer?,ou est ma biere ?
i don t even have a car anymore.,je n ai meme plus de voiture.
i took the medicine.,j ai pris les medicaments.
that worked.,ca a marche.
give me your car keys.,donne moi tes cles de voiture !
pick a weapon.,choisissez une arme !
tom is a professional singer.,tom est chanteur professionnel.
she returned to japan.,elle retourna au japon.
tom says he can do that.,tom dit qu il peut le faire.
the girl let the bird go.,la fille laissa partir l oiseau.
has something else happened?,quelque chose d autre s est il passe ?
tom shuffled the cards.,tom a melange les cartes.
i m in bed.,je suis alite.
my children are sick.,mes enfants sont malades.
she s very afraid of dogs.,elle a tres peur des chiens.
we sang for her.,nous avons chante pour elle.
this chair is too small.,cette chaise est trop petite.
the clock stopped.,la pendule s arreta.
we re not gonna make it.,ca va pas le faire.
i used to be very fat.,j etais tres grosse.
i know tom was unfair.,je sais que tom etait injuste.
i don t care who you are.,peu m importe qui tu es.
why do you want that anyway?,pourquoi le voulez vous de toutes facons ?
don t look at me that way.,ne me regarde pas de cette facon.
tom seems to be an honest person.,tom semble etre une personne honnete.
nothing is more valuable than health.,rien n est plus precieux que la sante.
the station is located between these two towns.,la gare est situee entre ces deux villes.
tom has traveled around australia.,tom a voyage en australie.
i want to have a word with you.,je veux m entretenir avec toi.
his cousin whose name i forget was a nurse.,sa cousine dont j oublie le nom etait infirmiere.
excuse me have you seen tom?,excusez moi avez vous vu tom ?
meet me at the hotel bar.,retrouvons nous au bar de l hotel !
they accomplished their mission.,ils accomplirent leur mission.
can i see you again?,puis je te revoir ?
tom got here on monday.,tom est arrive lundi.
you re very emotional.,tu es fort emotif.
it s awesome.,c est super.
give me a minute to catch my breath.,donne moi une minute pour reprendre mon souffle.
i m very interested in social studies.,les etudes sociales m interessent beaucoup.
we walked along the beach.,nous marchames le long de la plage.
time passed very quickly.,le temps a passe tres vite.
i m just writing a letter to my girlfriend.,j ecris juste une lettre a ma copine.
you re in big trouble now.,tu as de gros ennuis maintenant.
the problem disappeared as if by magic.,le probleme disparut comme par magie.
we do all kinds of repairs.,nous realisons toutes sortes de reparations.
i messed up.,j ai merde.
it s all nonsense.,rien de ca n a de sens.
his girlfriend has lost weight.,sa petite amie a perdu du poids.
i am a stranger here.,je suis etranger ici.
you re a very lucky man.,tu as vraiment de la chance.
i want them to be your friends.,je veux qu ils soient tes amis.
don t you have work to do?,n avez vous pas de travail a faire ?
they all burst out laughing.,elles ont toutes eclate de rire.
i think we need those.,je pense que nous avons besoin de ceux la.
where is tom s classroom?,ou est la classe de tom ?
there is no smoke without fire.,il n y a pas de fumee sans feu.
tom is dating someone.,tom sort avec quelqu un.
when did you finish the work?,quand as tu fini le travail ?
i bought it in a thrift store.,je l ai achete dans une solderie.
you can t be sure of that.,tu ne peux pas en etre sur.
my sister is engaged in social work.,ma s ur s implique dans des uvres sociales.
i hope that i can do it.,j espere pouvoir le faire.
of course i knew it was dangerous.,bien sur je savais que c etait dangereux.
you get what you pay for.,on obtient que ce pour quoi on paie.
i ve never been better.,je ne me suis jamais si bien portee.
see you in class.,on se voit en classe.
he made up that story.,il inventa cette histoire.
i m not buying your story.,je ne gobe pas votre histoire.
everything went black.,tout est devenu noir.
my mother is always on the go.,ma mere passe sa vie a courir.
i m too tired to argue.,je suis trop fatigue pour me disputer.
i can solve this problem.,je peux resoudre ce probleme.
why does tom want to go there?,pourquoi est ce que tom veut y aller ?
they re weak.,ils sont faibles.
how big you are!,comme vous etes grande !
i ll try to prevent that from happening.,j essayerai d eviter que cela se produise.
why do you want to go to boston?,pourquoi tiens tu a aller a boston ?
let s talk about australia.,parlons de l australie.
help yourself to anything you d like to eat.,sers toi mange ce que tu veux.
you don t seem very concerned.,vous ne semblez pas tres concerne.
trade helps nations develop.,le commerce aide les pays a se developper.
i thought you d gotten lost.,je pensais que vous vous seriez perdu.
you look tired.,tu as l air fatigue.
i ll do that tomorrow if possible.,je le ferai demain si possible.
they want you dead.,ils vous veulent mortes.
don t mind her.,ne te soucie pas d elle.
someday you should give it a try.,tu devrais t y essayer un de ces jours.
what have we done to be punished like this?,qu avons nous fait pour etre ainsi punies ?
he must have studied english hard.,il a du etudier serieusement l anglais.
tom s crazy.,tom est derange.
i m glad that makes you happy.,je suis content que ca vous rende heureuses.
we all know tom.,nous connaissons tous tom.
this one is similar to that one.,celui ci ressemble a celui la.
she divided the cake into five pieces.,elle partagea la tarte en cinq.
tom and his wife have just had a baby.,tom et sa femme viennent d avoir un bebe.
tom is defenseless.,tom est sans defense.
they won t need you.,elles n auront pas besoin de vous.
we ll camp here.,nous allons camper ici.
i waved him back.,je lui fis signe de la main en retour.
tom feels unwanted.,tom se sent rejete.
why don t you pull over?,pourquoi ne vous rangez vous pas ?
the doors are open.,les portes sont ouvertes.
do you like cooking?,aimes tu faire la cuisine ?
i need some sugar.,j ai besoin de sucre.
my parents live outside the city.,mes parents habitent hors de la ville.
wipe your feet before coming in.,essuie toi les pieds avant d entrer.
you may still do it if you want to.,tu peux toujours le faire si tu veux.
why was i not informed?,pourquoi n ai je pas ete informee ?
why don t we do that right now?,pourquoi on fait pas ca maintenant ?
are you ready to do that?,es tu prete a faire ca ?
i should learn french.,je devrais apprendre le francais.
ideas are important.,les idees sont importantes.
is there really a solution?,y a t il vraiment une solution ?
i m really happy for you.,je suis vraiment heureux pour vous.
that s my mother.,c est ma mere.
the phone rang while i was taking a shower.,le telephone a sonne quand je me douchais.
i called you.,je vous ai appelee.
i thought you d like it.,je pensais que tu l apprecierais.
